year,population,annual_growth_pct,country_code,indicator
1960,180671000,,USA,SP.POP.TOTL
1961,183691000,1.6715,USA,SP.POP.TOTL
1962,186538000,1.5499,USA,SP.POP.TOTL
1963,189242000,1.4496,USA,SP.POP.TOTL
1964,191889000,1.3987,USA,SP.POP.TOTL
1965,194303000,1.258,USA,SP.POP.TOTL
1966,196560000,1.1616,USA,SP.POP.TOTL
1967,198712000,1.0948,USA,SP.POP.TOTL
1968,200706000,1.0035,USA,SP.POP.TOTL
1969,202677000,0.982,USA,SP.POP.TOTL
1970,205052000,1.1718,USA,SP.POP.TOTL
1971,207661000,1.2724,USA,SP.POP.TOTL
1972,209896000,1.0763,USA,SP.POP.TOTL
1973,211909000,0.959,USA,SP.POP.TOTL
1974,213854000,0.9178,USA,SP.POP.TOTL
1975,215973000,0.9909,USA,SP.POP.TOTL
1976,218035000,0.9547,USA,SP.POP.TOTL
1977,220239000,1.0108,USA,SP.POP.TOTL
1978,222585000,1.0652,USA,SP.POP.TOTL
1979,225055000,1.1097,USA,SP.POP.TOTL
1980,227225000,0.9642,USA,SP.POP.TOTL
1981,229466000,0.9862,USA,SP.POP.TOTL
1982,231664000,0.9579,USA,SP.POP.TOTL
1983,233792000,0.9186,USA,SP.POP.TOTL
1984,235825000,0.8696,USA,SP.POP.TOTL
1985,237924000,0.8901,USA,SP.POP.TOTL
1986,240133000,0.9284,USA,SP.POP.TOTL
1987,242289000,0.8978,USA,SP.POP.TOTL
1988,244499000,0.9121,USA,SP.POP.TOTL
1989,246819000,0.9489,USA,SP.POP.TOTL
1990,249623000,1.1361,USA,SP.POP.TOTL
1991,252981000,1.3452,USA,SP.POP.TOTL
1992,256514000,1.3965,USA,SP.POP.TOTL
1993,259919000,1.3274,USA,SP.POP.TOTL
1994,263126000,1.2338,USA,SP.POP.TOTL
1995,266278000,1.1979,USA,SP.POP.TOTL
1996,269394000,1.1702,USA,SP.POP.TOTL
1997,272657000,1.2112,USA,SP.POP.TOTL
1998,275854000,1.1725,USA,SP.POP.TOTL
1999,279040000,1.155,USA,SP.POP.TOTL
2000,282162411,1.119,USA,SP.POP.TOTL
2001,284968955,0.9947,USA,SP.POP.TOTL
2002,287625193,0.9321,USA,SP.POP.TOTL
2003,290107933,0.8632,USA,SP.POP.TOTL
2004,292805298,0.9298,USA,SP.POP.TOTL
2005,295516599,0.926,USA,SP.POP.TOTL
2006,298379912,0.9689,USA,SP.POP.TOTL
2007,301231207,0.9556,USA,SP.POP.TOTL
2008,304093966,0.9504,USA,SP.POP.TOTL
2009,306771529,0.8805,USA,SP.POP.TOTL
2010,309378227,0.8497,USA,SP.POP.TOTL
2011,311839461,0.7955,USA,SP.POP.TOTL
2012,314339099,0.8016,USA,SP.POP.TOTL
2013,316726282,0.7594,USA,SP.POP.TOTL
2014,319257560,0.7992,USA,SP.POP.TOTL
2015,321815121,0.8011,USA,SP.POP.TOTL
2016,324353340,0.7887,USA,SP.POP.TOTL
2017,326608609,0.6953,USA,SP.POP.TOTL
2018,328529577,0.5882,USA,SP.POP.TOTL
2019,330226227,0.5164,USA,SP.POP.TOTL
2020,331578104,0.4094,USA,SP.POP.TOTL
2021,332100166,0.1574,USA,SP.POP.TOTL
2022,333996304,0.571,USA,SP.POP.TOTL
2023,336755052,0.826,USA,SP.POP.TOTL
2024,340003797,0.9647,USA,SP.POP.TOTL
2025,341784857,0.5238,USA,SP.POP.TOTL
