series,year,countries,researchers_fte,employment,researchers_per_1000,china_shifted,china_definition,growth_pct,trend_growth_pct,breaks
22 countries excluding China,1995,22,2348235,405955507,5.7845,false,pre-Frascati,,,
22 countries excluding China,1996,22,2477138,409632677,6.0472,false,pre-Frascati,4.442,2.317,Japan; Netherlands
22 countries excluding China,1997,22,2527710,415041621,6.0903,false,pre-Frascati,0.709,2.163,France; Italy; Slovak Republic
22 countries excluding China,1998,22,2613844,417529698,6.2603,false,pre-Frascati,2.753,2.041,Ireland
22 countries excluding China,1999,22,2687464,421386199,6.3777,false,pre-Frascati,1.858,1.904,
22 countries excluding China,2000,22,2744823,427790001,6.4163,false,pre-Frascati,0.604,1.821,France
22 countries excluding China,2001,22,2829987,429346529,6.5914,false,pre-Frascati,2.692,1.851,
22 countries excluding China,2002,22,2850505,428550146,6.6515,false,pre-Frascati,0.908,1.859,Netherlands
22 countries excluding China,2003,22,3001041,430507072,6.9709,false,pre-Frascati,4.691,1.846,Netherlands; Poland
22 countries excluding China,2004,22,3019362,434275390,6.9526,false,pre-Frascati,-0.263,1.658,Hungary; Romania
22 countries excluding China,2005,22,3108898,439848003,7.0681,false,pre-Frascati,1.647,1.601,Czechia
22 countries excluding China,2006,22,3203758,447320733,7.1621,false,pre-Frascati,1.321,1.668,
22 countries excluding China,2007,22,3284792,454261216,7.2311,false,pre-Frascati,0.958,1.863,Korea
22 countries excluding China,2008,22,3379929,456275558,7.4076,false,pre-Frascati,2.413,2.134,Spain; Japan; Portugal; Slovenia
22 countries excluding China,2009,22,3467577,446674513,7.7631,false,Frascati,4.687,2.284,Belgium
22 countries excluding China,2010,22,3487440,446382668,7.8127,false,Frascati,0.637,2.159,France; Poland
22 countries excluding China,2011,22,3604212,449358392,8.0208,false,Frascati,2.629,1.993,Netherlands; Romania; Slovenia
22 countries excluding China,2012,22,3682165,452604353,8.1355,false,Frascati,1.42,1.773,Netherlands
22 countries excluding China,2013,22,3772718,454986546,8.2919,false,Frascati,1.905,1.59,Japan; Netherlands; Portugal
22 countries excluding China,2014,22,3884809,460613856,8.434,false,Frascati,1.699,1.476,Canada; France
22 countries excluding China,2015,22,3959978,466137713,8.4953,false,Frascati,0.724,1.517,Belgium
22 countries excluding China,2016,22,4013701,472475354,8.495,false,Frascati,-0.003,1.832,Italy
22 countries excluding China,2017,22,4199818,479737040,8.7544,false,Frascati,3.007,2.413,
22 countries excluding China,2018,22,4440963,486776964,9.1232,false,Frascati,4.126,2.96,Ireland; Japan
22 countries excluding China,2019,22,4576947,491595670,9.3104,false,Frascati,2.031,3.267,Poland
22 countries excluding China,2020,22,4743635,475363641,9.979,false,Frascati,6.935,3.315,
22 countries excluding China,2021,22,5001399,486743581,10.2752,false,Frascati,2.926,2.885,
22 countries excluding China,2022,22,5152653,500157173,10.3021,false,Frascati,0.261,2.342,Netherlands; United States
22 countries excluding China,2023,22,5228889,507464216,10.304,false,Frascati,0.018,2.052,
China (as published),1995,1,522000,680650000,0.7669,false,pre-Frascati,,,
China (as published),1996,1,548000,689500000,0.7948,false,pre-Frascati,,,
China (as published),1997,1,588700,698200000,0.8432,false,pre-Frascati,,,
China (as published),1998,1,485500,706370000,0.6873,false,pre-Frascati,,,
China (as published),1999,1,531100,713940000,0.7439,false,pre-Frascati,,,
China (as published),2000,1,695062,720850000,0.9642,false,pre-Frascati,,,China (People’s Republic of)
China (as published),2001,1,742726,727970000,1.0203,false,pre-Frascati,,,
China (as published),2002,1,810525,732800000,1.1061,false,pre-Frascati,,,
China (as published),2003,1,862108,737360000,1.1692,false,pre-Frascati,,,
China (as published),2004,1,926252,742640000,1.2472,false,pre-Frascati,,,
China (as published),2005,1,1118698,746470000,1.4987,false,pre-Frascati,,,
China (as published),2006,1,1223756,749780000,1.6322,false,pre-Frascati,,,
China (as published),2007,1,1423381,753210000,1.8898,false,pre-Frascati,,,
China (as published),2008,1,1592420,755640000,2.1074,false,pre-Frascati,,,
China (as published),2009,1,1152311,758280000,1.5196,false,Frascati,,,China (People’s Republic of)
China (as published),2010,1,1210841,761050000,1.591,false,Frascati,,,
China (as published),2011,1,1318086,761960000,1.7299,false,Frascati,,,
China (as published),2012,1,1404017,762540000,1.8412,false,Frascati,,,
China (as published),2013,1,1484040,763010000,1.945,false,Frascati,,,
China (as published),2014,1,1524280,763490000,1.9965,false,Frascati,,,
China (as published),2015,1,1619028,763200000,2.1214,false,Frascati,,,
China (as published),2016,1,1692176,762450000,2.2194,false,Frascati,,,
China (as published),2017,1,1740442,760580000,2.2883,false,Frascati,,,
China (as published),2018,1,1866109,757820000,2.4625,false,Frascati,,,
China (as published),2019,1,2109460,754470000,2.7959,false,Frascati,,,
China (as published),2020,1,2281134,750640000,3.0389,false,Frascati,,,
China (as published),2021,1,2405509,746520000,3.2223,false,Frascati,,,
China (as published),2022,1,2637193,733510000,3.5953,false,Frascati,,,
China (as published),2023,1,3001302,740410000,4.0536,false,Frascati,,,
"China, pre-2009 level-shifted",1995,1,348363,680650000,0.5118,true,pre-Frascati,,,
"China, pre-2009 level-shifted",1996,1,365715,689500000,0.5304,true,pre-Frascati,,,
"China, pre-2009 level-shifted",1997,1,392876,698200000,0.5627,true,pre-Frascati,,,
"China, pre-2009 level-shifted",1998,1,324004,706370000,0.4587,true,pre-Frascati,,,
"China, pre-2009 level-shifted",1999,1,354436,713940000,0.4965,true,pre-Frascati,,,
"China, pre-2009 level-shifted",2000,1,463858,720850000,0.6435,true,pre-Frascati,,,China (People’s Republic of)
"China, pre-2009 level-shifted",2001,1,495667,727970000,0.6809,true,pre-Frascati,,,
"China, pre-2009 level-shifted",2002,1,540914,732800000,0.7381,true,pre-Frascati,,,
"China, pre-2009 level-shifted",2003,1,575338,737360000,0.7803,true,pre-Frascati,,,
"China, pre-2009 level-shifted",2004,1,618146,742640000,0.8324,true,pre-Frascati,,,
"China, pre-2009 level-shifted",2005,1,746577,746470000,1.0001,true,pre-Frascati,,,
"China, pre-2009 level-shifted",2006,1,816689,749780000,1.0892,true,pre-Frascati,,,
"China, pre-2009 level-shifted",2007,1,949911,753210000,1.2612,true,pre-Frascati,,,
"China, pre-2009 level-shifted",2008,1,1062721,755640000,1.4064,true,pre-Frascati,,,
All 23 countries (China level-shifted),1995,23,2696598,1086605507,2.4817,true,pre-Frascati,,,
All 23 countries (China level-shifted),1996,23,2842853,1099132677,2.5865,true,pre-Frascati,4.135,2.028,Japan; Netherlands
All 23 countries (China level-shifted),1997,23,2920586,1113241621,2.6235,true,pre-Frascati,1.422,1.919,France; Italy; Slovak Republic
All 23 countries (China level-shifted),1998,23,2937849,1123899698,2.614,true,pre-Frascati,-0.363,1.928,Ireland
All 23 countries (China level-shifted),1999,23,3041900,1135326199,2.6793,true,pre-Frascati,2.469,2.204,
All 23 countries (China level-shifted),2000,23,3208682,1148640001,2.7935,true,pre-Frascati,4.172,2.53,China (People’s Republic of); France
All 23 countries (China level-shifted),2001,23,3325655,1157316529,2.8736,true,pre-Frascati,2.828,2.728,
All 23 countries (China level-shifted),2002,23,3391419,1161350146,2.9202,true,pre-Frascati,1.61,2.887,Netherlands
All 23 countries (China level-shifted),2003,23,3576380,1167867072,3.0623,true,pre-Frascati,4.751,3.109,Netherlands; Poland
All 23 countries (China level-shifted),2004,23,3637508,1176915390,3.0907,true,pre-Frascati,0.923,3.292,Hungary; Romania
All 23 countries (China level-shifted),2005,23,3855475,1186318003,3.25,true,pre-Frascati,5.024,3.6,Czechia
All 23 countries (China level-shifted),2006,23,4020447,1197100733,3.3585,true,pre-Frascati,3.285,3.813,
All 23 countries (China level-shifted),2007,23,4234703,1207471216,3.5071,true,pre-Frascati,4.329,3.942,Korea
All 23 countries (China level-shifted),2008,23,4442650,1211915558,3.6658,true,pre-Frascati,4.426,3.913,Spain; Japan; Portugal; Slovenia
All 23 countries (China level-shifted),2009,23,4619888,1204954513,3.8341,false,Frascati,4.488,3.713,Belgium; China (People’s Republic of)
All 23 countries (China level-shifted),2010,23,4698280,1207432668,3.8911,false,Frascati,1.477,3.414,France; Poland
All 23 countries (China level-shifted),2011,23,4922298,1211318392,4.0636,false,Frascati,4.337,3.208,Netherlands; Romania; Slovenia
All 23 countries (China level-shifted),2012,23,5086182,1215144353,4.1857,false,Frascati,2.96,2.981,Netherlands
All 23 countries (China level-shifted),2013,23,5256758,1217996546,4.3159,false,Frascati,3.064,2.796,Japan; Netherlands; Portugal
All 23 countries (China level-shifted),2014,23,5409089,1224103856,4.4188,false,Frascati,2.356,2.715,Canada; France
All 23 countries (China level-shifted),2015,23,5579006,1229337713,4.5382,false,Frascati,2.666,2.841,Belgium
All 23 countries (China level-shifted),2016,23,5705877,1234925354,4.6204,false,Frascati,1.795,3.223,Italy
All 23 countries (China level-shifted),2017,23,5940260,1240317040,4.7893,false,Frascati,3.59,3.878,
All 23 countries (China level-shifted),2018,23,6307071,1244596964,5.0676,false,Frascati,5.647,4.597,Ireland; Japan
All 23 countries (China level-shifted),2019,23,6686407,1246065670,5.366,false,Frascati,5.723,5.125,Poland
All 23 countries (China level-shifted),2020,23,7024769,1226003641,5.7298,false,Frascati,6.56,5.373,
All 23 countries (China level-shifted),2021,23,7406909,1233263581,6.0059,false,Frascati,4.707,5.35,
All 23 countries (China level-shifted),2022,23,7789847,1233667173,6.3144,false,Frascati,5.008,5.253,Netherlands; United States
All 23 countries (China level-shifted),2023,23,8230191,1247874216,6.5954,false,Frascati,4.354,5.177,
