country_code,country,year,business_share_pct,researchers_per_1000
AUT,Austria,2024,64.547,13.0669
BEL,Belgium,2024,55.185,14.1912
BGR,Bulgaria,2024,52.94,5.0022
CAN,Canada,2023,66.156,11.3211
CHE,Switzerland,2023,49.268,10.1838
CHL,Chile,2022,37.681,1.5619
CHN,China (People’s Republic of),2024,60.435,4.3299
CRI,Costa Rica,2024,26.73,0.9695
CZE,Czechia,2024,53.853,8.9103
DEU,Germany,2024,62.951,11.1575
DNK,Denmark,2024,58.949,16.5247
ESP,Spain,2024,40.88,8.3805
EST,Estonia,2024,50.425,10.908
FIN,Finland,2024,60.021,17.8095
FRA,France,2024,62.234,11.8219
GRC,Greece,2024,33.22,9.8071
HRV,Croatia,2024,26.022,5.3078
HUN,Hungary,2024,65.825,9.2733
IRL,Ireland,2024,49.133,11.1484
ISL,Iceland,2023,52.134,10.8429
ITA,Italy,2024,40.755,6.8061
JPN,Japan,2024,74.811,10.2102
KOR,Korea,2024,81.85,17.6146
LTU,Lithuania,2024,31.77,7.1292
LUX,Luxembourg,2024,31.184,6.7487
LVA,Latvia,2024,33.418,4.7779
NLD,Netherlands,2024,71.493,11.7531
NOR,Norway,2024,53.919,13.0432
NZL,New Zealand,2023,42.857,9.619
POL,Poland,2024,56.186,8.2448
PRT,Portugal,2024,46.927,12.3751
ROU,Romania,2024,37.914,2.48
RUS,Russia,2020,46.543,5.6258
SGP,Singapore,2023,54.422,12.6292
SVK,Slovak Republic,2024,34.571,8.3244
SVN,Slovenia,2024,55.872,10.7838
SWE,Sweden,2024,72.59,17.1717
TUR,Türkiye,2024,66.315,7.756
TWN,Taiwan,2024,75.346,15.5995
USA,United States,2023,76.393,10.6246
ZAF,South Africa,2023,11.177,1.6702
